{"error": false, "size": [1920, 1080], "name": "Alexas story", "version": "1.0", "location": {"label": {"start": ["game/script.rpy", 71], "swamp_quest": ["game/script.rpy", 109], "swamp_snake_fight": ["game/script.rpy", 127], "village_return": ["game/script.rpy", 200], "mountain_quest": ["game/script.rpy", 217], "ore_start": ["game/script.rpy", 228], "ore_mining": ["game/script.rpy", 238], "village_return_empty": ["game/script.rpy", 267], "village_return_with_ore": ["game/script.rpy", 281], "bear_quest": ["game/script.rpy", 288], "village_return_with_pelt": ["game/script.rpy", 373], "rest_and_trap": ["game/script.rpy", 382], "prison_sequence": ["game/script.rpy", 421], "lira_betrayal_path": ["game/script.rpy", 450], "escape_escape_sequence": ["game/script.rpy", 459], "escape_fail_bnf": ["game/script.rpy", 476], "escape_attempt": ["game/script.rpy", 488], "escape_success": ["game/script.rpy", 508], "escape_fail": ["game/script.rpy", 514], "escape_fail1": ["game/script.rpy", 519], "attack_mages": ["game/script.rpy", 525], "escape_sequence": ["game/script.rpy", 586], "code_lock_mechanic": ["game/script.rpy", 623], "escape_success1": ["game/script.rpy", 654], "duel_with_lyra": ["game/script.rpy", 749], "post_duel_victory": ["game/script.rpy", 854], "victory_celebration": ["game/script.rpy", 881], "game_lose": ["game/script.rpy", 888], "load_game": ["game/script.rpy", 926], "game_over": ["game/script.rpy", 935]}, "define": {"config.check_conflicting_properties": ["game/gui.rpy", 16], "gui.accent_color": ["game/gui.rpy", 30], "gui.idle_color": ["game/gui.rpy", 34], "gui.idle_small_color": ["game/gui.rpy", 38], "gui.hover_color": ["game/gui.rpy", 42], "gui.selected_color": ["game/gui.rpy", 47], "gui.insensitive_color": ["game/gui.rpy", 50], "gui.muted_color": ["game/gui.rpy", 55], "gui.hover_muted_color": ["game/gui.rpy", 56], "gui.text_color": ["game/gui.rpy", 59], "gui.interface_text_color": ["game/gui.rpy", 60], "gui.text_font": ["game/gui.rpy", 66], "gui.name_text_font": ["game/gui.rpy", 69], "gui.interface_text_font": ["game/gui.rpy", 72], "gui.text_size": ["game/gui.rpy", 75], "gui.name_text_size": ["game/gui.rpy", 78], "gui.interface_text_size": ["game/gui.rpy", 81], "gui.label_text_size": ["game/gui.rpy", 84], "gui.notify_text_size": ["game/gui.rpy", 87], "gui.title_text_size": ["game/gui.rpy", 90], "gui.main_menu_background": ["game/gui.rpy", 96], "gui.game_menu_background": ["game/gui.rpy", 97], "gui.textbox_height": ["game/gui.rpy", 106], "gui.textbox_yalign": ["game/gui.rpy", 110], "gui.name_xpos": ["game/gui.rpy", 115], "gui.name_ypos": ["game/gui.rpy", 116], "gui.name_xalign": ["game/gui.rpy", 121], "gui.namebox_width": ["game/gui.rpy", 125], "gui.namebox_height": ["game/gui.rpy", 126], "gui.namebox_borders": ["game/gui.rpy", 129], "gui.namebox_tile": ["game/gui.rpy", 133], "gui.dialogue_xpos": ["game/gui.rpy", 138], "gui.dialogue_ypos": ["game/gui.rpy", 139], "gui.dialogue_width": ["game/gui.rpy", 142], "gui.dialogue_text_xalign": ["game/gui.rpy", 147], "gui.button_width": ["game/gui.rpy", 157], "gui.button_height": ["game/gui.rpy", 158], "gui.button_borders": ["game/gui.rpy", 161], "gui.button_tile": ["game/gui.rpy", 165], "gui.button_text_font": ["game/gui.rpy", 168], "gui.button_text_size": ["game/gui.rpy", 171], "gui.button_text_idle_color": ["game/gui.rpy", 174], "gui.button_text_hover_color": ["game/gui.rpy", 175], "gui.button_text_selected_color": ["game/gui.rpy", 176], "gui.button_text_insensitive_color": ["game/gui.rpy", 177], "gui.button_text_xalign": ["game/gui.rpy", 181], "gui.radio_button_borders": ["game/gui.rpy", 190], "gui.check_button_borders": ["game/gui.rpy", 192], "gui.confirm_button_text_xalign": ["game/gui.rpy", 194], "gui.page_button_borders": ["game/gui.rpy", 196], "gui.quick_button_borders": ["game/gui.rpy", 198], "gui.quick_button_text_size": ["game/gui.rpy", 199], "gui.quick_button_text_idle_color": ["game/gui.rpy", 200], "gui.quick_button_text_selected_color": ["game/gui.rpy", 201], "gui.choice_button_width": ["game/gui.rpy", 214], "gui.choice_button_height": ["game/gui.rpy", 215], "gui.choice_button_tile": ["game/gui.rpy", 216], "gui.choice_button_borders": ["game/gui.rpy", 217], "gui.choice_button_text_font": ["game/gui.rpy", 218], "gui.choice_button_text_size": ["game/gui.rpy", 219], "gui.choice_button_text_xalign": ["game/gui.rpy", 220], "gui.choice_button_text_idle_color": ["game/gui.rpy", 221], "gui.choice_button_text_hover_color": ["game/gui.rpy", 222], "gui.choice_button_text_insensitive_color": ["game/gui.rpy", 223], "gui.slot_button_width": ["game/gui.rpy", 233], "gui.slot_button_height": ["game/gui.rpy", 234], "gui.slot_button_borders": ["game/gui.rpy", 235], "gui.slot_button_text_size": ["game/gui.rpy", 236], "gui.slot_button_text_xalign": ["game/gui.rpy", 237], "gui.slot_button_text_idle_color": ["game/gui.rpy", 238], "gui.slot_button_text_selected_idle_color": ["game/gui.rpy", 239], "gui.slot_button_text_selected_hover_color": ["game/gui.rpy", 240], "config.thumbnail_width": ["game/gui.rpy", 243], "config.thumbnail_height": ["game/gui.rpy", 244], "gui.file_slot_cols": ["game/gui.rpy", 247], "gui.file_slot_rows": ["game/gui.rpy", 248], "gui.navigation_xpos": ["game/gui.rpy", 257], "gui.skip_ypos": ["game/gui.rpy", 260], "gui.notify_ypos": ["game/gui.rpy", 263], "gui.choice_spacing": ["game/gui.rpy", 266], "gui.navigation_spacing": ["game/gui.rpy", 269], "gui.pref_spacing": ["game/gui.rpy", 272], "gui.pref_button_spacing": ["game/gui.rpy", 275], "gui.page_spacing": ["game/gui.rpy", 278], "gui.slot_spacing": ["game/gui.rpy", 281], "gui.main_menu_text_xalign": ["game/gui.rpy", 284], "gui.frame_borders": ["game/gui.rpy", 293], "gui.confirm_frame_borders": ["game/gui.rpy", 296], "gui.skip_frame_borders": ["game/gui.rpy", 299], "gui.notify_frame_borders": ["game/gui.rpy", 302], "gui.frame_tile": ["game/gui.rpy", 305], "gui.bar_size": ["game/gui.rpy", 318], "gui.scrollbar_size": ["game/gui.rpy", 319], "gui.slider_size": ["game/gui.rpy", 320], "gui.bar_tile": ["game/gui.rpy", 324], "gui.scrollbar_tile": ["game/gui.rpy", 325], "gui.slider_tile": ["game/gui.rpy", 326], "gui.bar_borders": ["game/gui.rpy", 329], "gui.scrollbar_borders": ["game/gui.rpy", 330], "gui.slider_borders": ["game/gui.rpy", 331], "gui.vbar_borders": ["game/gui.rpy", 334], "gui.vscrollbar_borders": ["game/gui.rpy", 335], "gui.vslider_borders": ["game/gui.rpy", 336], "gui.unscrollable": ["game/gui.rpy", 340], "config.history_length": ["game/gui.rpy", 348], "gui.history_height": ["game/gui.rpy", 352], "gui.history_spacing": ["game/gui.rpy", 355], "gui.history_name_xpos": ["game/gui.rpy", 359], "gui.history_name_ypos": ["game/gui.rpy", 360], "gui.history_name_width": ["game/gui.rpy", 361], "gui.history_name_xalign": ["game/gui.rpy", 362], "gui.history_text_xpos": ["game/gui.rpy", 365], "gui.history_text_ypos": ["game/gui.rpy", 366], "gui.history_text_width": ["game/gui.rpy", 367], "gui.history_text_xalign": ["game/gui.rpy", 368], "gui.nvl_borders": ["game/gui.rpy", 377], "gui.nvl_list_length": ["game/gui.rpy", 381], "gui.nvl_height": ["game/gui.rpy", 385], "gui.nvl_spacing": ["game/gui.rpy", 389], "gui.nvl_name_xpos": ["game/gui.rpy", 393], "gui.nvl_name_ypos": ["game/gui.rpy", 394], "gui.nvl_name_width": ["game/gui.rpy", 395], "gui.nvl_name_xalign": ["game/gui.rpy", 396], "gui.nvl_text_xpos": ["game/gui.rpy", 399], "gui.nvl_text_ypos": ["game/gui.rpy", 400], "gui.nvl_text_width": ["game/gui.rpy", 401], "gui.nvl_text_xalign": ["game/gui.rpy", 402], "gui.nvl_thought_xpos": ["game/gui.rpy", 406], "gui.nvl_thought_ypos": ["game/gui.rpy", 407], "gui.nvl_thought_width": ["game/gui.rpy", 408], "gui.nvl_thought_xalign": ["game/gui.rpy", 409], "gui.nvl_button_xpos": ["game/gui.rpy", 412], "gui.nvl_button_xalign": ["game/gui.rpy", 413], "gui.language": ["game/gui.rpy", 422], "quick_menu": ["game/screens.rpy", 267], "gui.history_allow_tags": ["game/screens.rpy", 931], "config.nvl_list_length": ["game/screens.rpy", 1358], "bubble.frame": ["game/screens.rpy", 1467], "bubble.thoughtframe": ["game/screens.rpy", 1468], "bubble.properties": ["game/screens.rpy", 1470], "bubble.expand_area": ["game/screens.rpy", 1496], "config.name": ["game/options.rpy", 15], "gui.show_name": ["game/options.rpy", 21], "config.version": ["game/options.rpy", 26], "gui.about": ["game/options.rpy", 32], "build.name": ["game/options.rpy", 40], "config.has_sound": ["game/options.rpy", 49], "config.has_music": ["game/options.rpy", 50], "config.has_voice": ["game/options.rpy", 51], "config.enter_transition": ["game/options.rpy", 78], "config.exit_transition": ["game/options.rpy", 79], "config.intra_transition": ["game/options.rpy", 84], "config.after_load_transition": ["game/options.rpy", 89], "config.end_game_transition": ["game/options.rpy", 94], "config.window": ["game/options.rpy", 112], "config.window_show_transition": ["game/options.rpy", 117], "config.window_hide_transition": ["game/options.rpy", 118], "config.save_directory": ["game/options.rpy", 150], "config.window_icon": ["game/options.rpy", 157], "a": ["game/script.rpy", 4], "l": ["game/script.rpy", 5], "e": ["game/script.rpy", 6], "v": ["game/script.rpy", 7], "defeated_by_snake": ["game/script.rpy", 9], "has_stone_file": ["game/script.rpy", 10], "flash": ["game/script.rpy", 11], "click_score": ["game/script.rpy", 12], "config.has_autosave": ["game/script.rpy", 13], "config.autosave_on_choice": ["game/script.rpy", 15], "has_herbs": ["game/script.rpy", 38], "has_ore": ["game/script.rpy", 39], "defeated_monster": ["game/script.rpy", 40], "lira_relationship": ["game/script.rpy", 41], "player_health": ["game/script.rpy", 42], "max_health": ["game/script.rpy", 43], "snake_health": ["game/script.rpy", 44], "bear_health": ["game/script.rpy", 45], "potions": ["game/script.rpy", 46]}, "screen": {"say": ["game/screens.rpy", 98], "input": ["game/screens.rpy", 175], "choice": ["game/screens.rpy", 208], "quick_menu": ["game/screens.rpy", 1516], "navigation": ["game/screens.rpy", 288], "main_menu": ["game/screens.rpy", 350], "game_menu": ["game/screens.rpy", 415], "about": ["game/screens.rpy", 546], "save": ["game/screens.rpy", 586], "load": ["game/screens.rpy", 593], "file_slots": ["game/screens.rpy", 600], "preferences": ["game/screens.rpy", 729], "history": ["game/screens.rpy", 890], "help": ["game/screens.rpy", 979], "keyboard_help": ["game/screens.rpy", 1008], "mouse_help": ["game/screens.rpy", 1059], "gamepad_help": ["game/screens.rpy", 1082], "confirm": ["game/screens.rpy", 1147], "skip_indicator": ["game/screens.rpy", 1210], "notify": ["game/screens.rpy", 1266], "nvl": ["game/screens.rpy", 1305], "nvl_dialogue": ["game/screens.rpy", 1337], "bubble": ["game/screens.rpy", 1425], "health_bar": ["game/script.rpy", 49], "enemy_health_bar": ["game/script.rpy", 364], "monster_health_bar": ["game/script.rpy", 63], "mining_progress": ["game/script.rpy", 273], "player_health_bar": ["game/script.rpy", 356], "click_fast_challenge1": ["game/script.rpy", 568], "code_lock_screen": ["game/script.rpy", 628], "click_fast_challenge": ["game/script.rpy", 728], "health_bars": ["game/script.rpy", 842], "game_over_screen": ["game/script.rpy", 902]}, "transform": {"delayed_blink": ["game/screens.rpy", 1228], "notify_appear": ["game/screens.rpy", 1277]}, "callable": {"touch": ["game/gui.rpy", 434], "small": ["game/gui.rpy", 441], "increase_click_score": ["game/script.rpy", 558], "decrease_click_score": ["game/script.rpy", 563], "check_code": ["game/script.rpy", 610], "limit_input_length": ["game/script.rpy", 617], "ClickChallenge.__init__": ["game/script.rpy", 667], "ClickChallenge.increase": ["game/script.rpy", 672], "ClickChallenge.decrease": ["game/script.rpy", 677], "ClickChallenge.store": ["game/script.rpy", 682], "lyra_action": ["game/script.rpy", 689], "Player.__init__": ["game/script.rpy", 721], "autosave_game": ["game/script.rpy", 894]}}, "build": {"directory_name": "Alexasstory-1.0", "executable_name": "Alexasstory", "include_update": false, "packages": [{"name": "gameonly", "formats": ["null"], "file_lists": ["all"], "description": "Game-Only Update for Mobile", "update": true, "dlc": false, "hidden": true}, {"name": "pc", "formats": ["zip"], "file_lists": ["windows", "linux", "renpy", "all"], "description": "PC: Windows and Linux", "update": true, "dlc": false, "hidden": false}, {"name": "linux", "formats": ["tar.bz2"], "file_lists": ["linux", "linux_arm", "renpy", "all"], "description": "Linux", "update": true, "dlc": false, "hidden": false}, {"name": "mac", "formats": ["app-zip", "app-dmg"], "file_lists": ["mac", "renpy", "all"], "description": "Macintosh", "update": true, "dlc": false, "hidden": false}, {"name": "win", "formats": ["zip"], "file_lists": ["windows", "renpy", "all"], "description": "Windows", "update": true, "dlc": false, "hidden": false}, {"name": "market", "formats": ["bare-zip"], "file_lists": ["windows", "linux", "mac", "renpy", "all"], "description": "Windows, Mac, Linux for Markets", "update": true, "dlc": false, "hidden": false}, {"name": "steam", "formats": ["zip"], "file_lists": ["windows", "linux", "mac", "renpy", "all"], "description": "steam", "update": true, "dlc": false, "hidden": true}, {"name": "android", "formats": ["directory"], "file_lists": ["android", "all"], "description": "android", "update": false, "dlc": true, "hidden": true}, {"name": "ios", "formats": ["directory"], "file_lists": ["ios", "all"], "description": "ios", "update": false, "dlc": true, "hidden": true}, {"name": "web", "formats": ["zip"], "file_lists": ["web", "renpy", "all"], "description": "web", "update": false, "dlc": true, "hidden": true}], "archives": [["archive", ["all"]]], "documentation_patterns": ["*.html", "*.txt"], "base_patterns": [["*.py", null], ["*.sh", null], ["*.app/", null], ["*.dll", null], ["*.manifest", null], ["*.keystore", null], ["**.rpe.py", null], ["update.pem", null], ["lib/", null], ["renpy/", null], ["update/", null], ["common/", null], ["update/", null], ["old-game/", null], ["base/", null], ["icon.ico", null], ["icon.icns", null], ["project.json", null], ["log.txt", null], ["errors.txt", null], ["traceback.txt", null], ["image_cache.txt", null], ["text_overflow.txt", null], ["dialogue.txt", null], ["dialogue.tab", null], ["profile_screen.txt", null], ["files.txt", null], ["memory.txt", null], ["tmp/", null], ["game/saves/", null], ["game/bytecode.rpyb", null], ["archived/", null], ["launcherinfo.py", null], ["android.txt", null], ["game/presplash*.*", ["all"]], ["android.json", ["android"]], [".android.json", ["android"]], ["android-*.png", ["android"]], ["android-*.jpg", ["android"]], ["ouya_icon.png", null], ["ios-presplash.*", ["ios"]], ["ios-launchimage.png", null], ["ios-icon.png", null], ["web-presplash.png", ["web"]], ["web-presplash.jpg", ["web"]], ["web-presplash.webp", ["web"]], ["web-icon.png", ["web"]], ["progressive_download.txt", ["web"]], ["steam_appid.txt", null], ["game/cache/bytecode-39.rpyb", ["all"]], ["game/cache/bytecode-311.rpyb", ["web"]], ["game/cache/bytecode-*.rpyb", null], ["game/cache/build_info.json", null], ["game/cache/build_time.txt", null], ["**~", null], ["**.bak", null], ["**/.**", null], ["**/#**", null], ["**/thumbs.db", null], [".*", null], ["**", ["all"]]], "renpy_patterns": [["renpy/common/_compat/**", null], ["renpy/common/_roundrect/**", null], ["renpy/common/_outline/**", null], ["renpy/common/_theme**", null], ["renpy/**__pycache__/**.cpython-39.pyc", ["all"]], ["renpy/**__pycache__", ["all"]], ["**~", null], ["**/#*", null], ["**/.*", null], ["**.old", null], ["**.new", null], ["**.rpa", null], ["**.rpe", null], ["**.rpe.py", null], ["**/steam_appid.txt", null], ["renpy.py", ["all"]], ["renpy/", ["all"]], ["renpy/**.py", ["renpy"]], ["renpy/**.pxd", null], ["renpy/**.pxi", null], ["renpy/**.pyx", null], ["renpy/**.pyc", null], ["renpy/**.pyo", null], ["renpy/common/", ["all"]], ["renpy/common/_compat/**", ["renpy"]], ["renpy/common/**.rpy", ["renpy"]], ["renpy/common/**.rpym", ["renpy"]], ["renpy/common/_compat/**", ["renpy"]], ["renpy/common/**", ["all"]], ["renpy/**", ["all"]], ["lib/*/renpy", null], ["lib/*/renpy.exe", null], ["lib/*/pythonw.exe", null], ["lib/py2-*/", null], ["lib/py*-windows-i686/**", ["windows_i686"]], ["lib/py*-windows-x86_64/**", ["windows"]], ["lib/py*-linux-i686/**", ["linux_i686"]], ["lib/py*-linux-aarch64/**", ["linux_arm"]], ["lib/py*-linux-armv7l/**", ["linux_arm"]], ["lib/py*-linux-*/**", ["linux"]], ["lib/py*-mac-*/**", ["mac"]], ["lib/python2.*/**", null], ["lib/**", ["windows", "linux", "mac", "android", "ios"]], ["renpy.sh", ["linux", "mac"]]], "xbit_patterns": ["**.sh", "lib/py*-linux-*/*", "lib/py*-mac-*/*", "**.app/Contents/MacOS/*"], "version": "1.0", "display_name": "Alexas story", "exclude_empty_directories": true, "allow_integrated_gpu": true, "renpy": false, "script_version": true, "destination": "Alexasstory-1.0-dists", "itch_channels": {"*-all.zip": "win-osx-linux", "*-market.zip": "win-osx-linux", "*-pc.zip": "win-linux", "*-win.zip": "win", "*-mac.zip": "osx", "*-linux.tar.bz2": "linux", "*-release.apk": "android"}, "mac_info_plist": {}, "merge": [["linux_i686", "linux"], ["windows_i686", "windows"]], "include_i686": true, "change_icon_i686": true, "android_permissions": [], "_sdk_fonts": false, "update_formats": ["rpu"], "info": {"info": {}, "time": 1738636110.2429774, "name": "Alexas story", "version": "1.0"}}}